k,n,correct_result,gossip_result
7,1,5.175,5.230769859294929
7,2,5.6,5.598175143763125
7,3,4.925,4.924993342544214
7,4,5.075,5.07703420743378
7,5,5.75,5.794871406253478
