k,n,correct_result,gossip_result
12,1,5.5,5.499999890387484
12,2,4.75,4.7499999026725135
12,3,5,5.0000000711768475
12,4,6.1,6.099932152174006
12,5,4.05,4.052022366482272
