k,n,correct_result,gossip_result
10,1,5.95,5.950000071595346
10,2,5.8,5.799983898130057
10,3,6.8,6.7999956481187915
10,4,5.6,5.599999836732595
10,5,5.95,6.052408481903196
