k,n,correct_result,gossip_result
11,1,5.95,5.946184461553399
11,2,4.85,4.857940325231388
11,3,5.8,5.631577062087812
11,4,5.35,5.3470299230112595
11,5,5.7,5.723177141237613
