k,n,correct_result,gossip_result
30,1,6.2,6.200000215160237
30,2,5.55,5.5500001155331775
30,3,5.7,5.633223684356238
30,4,5.6,5.599999345485073
30,5,6.2,6.200000124907637
