k,n,correct_result,gossip_result
26,1,5.15,5.150004220457527
26,2,6.1,6.097723360147978
26,3,6,5.989547826563449
26,4,4.95,4.949999995427831
26,5,6.3,6.300012123544802
