k,n,correct_result,gossip_result
24,1,6.55,6.550001532141289
24,2,4.65,4.650000064054735
24,3,6.2,6.200000038533354
24,4,5.45,5.450000001342448
24,5,6.1,6.10004903793288
