k,n,correct_result,gossip_result
13,1,5.55,5.549921848710281
13,2,5.5,5.49995718356354
13,3,5,4.999998667830192
13,4,5.4,5.399998865144972
13,5,5.85,5.850000092728768
