k,n,correct_result,gossip_result
18,1,5.25,5.250000040732869
18,2,5.5,5.501936765764581
18,3,6.2,6.200000251382267
18,4,5.8,5.800264946962187
18,5,4.65,4.650000020123342
