k,n,correct_result,gossip_result
17,1,5.8,5.7999999701443805
17,2,5.85,5.849999905727479
17,3,5.05,5.0000140555510635
17,4,5.15,5.149999774168185
17,5,5.45,5.450484550068861
