k,n,correct_result,gossip_result
4,1,4.92,4.888252879724428
4,2,5.2,5.202999173294627
4,3,5.48,5.444447749871726
4,4,4.86,4.812501410295351
4,5,5.82,5.755415377588104
