k,n,correct_result,gossip_result
31,1,5,5.000000014085687
31,2,5.5,5.487985736583042
31,3,6.15,6.14999995118159
31,4,5.5,5.499999993897012
31,5,5.3,5.299956958290811
