k,n,correct_result,gossip_result
9,1,5.45,5.4588234221753815
9,2,5.6,5.600000058812496
9,3,4.15,4.046053078303166
9,4,5.9,5.899152750109431
9,5,5.35,5.351888877039955
