k,n,correct_result,gossip_result
15,1,5.85,5.8515326495954945
15,2,5.35,5.350000059982692
15,3,6.55,6.5499998994196265
15,4,5.25,5.250029100388126
15,5,5.65,5.648614676027915
