k,n,correct_result,gossip_result
22,1,4.95,4.9500001219158944
22,2,5.2,5.200000035432614
22,3,6.05,6.049975918373214
22,4,5.25,5.243913313880398
22,5,5.45,5.583329057671062
