k,n,correct_result,gossip_result
5,1,4.7,4.678569108774962
5,2,5.55,5.558251512511916
5,3,5.1,5.0786680307711976
5,4,4.9,4.90348486952079
5,5,4.65,4.652577514275846
