k,n,correct_result,gossip_result
19,1,4.9,4.883649637014835
19,2,5.2,5.210127098664302
19,3,5.75,5.749890348181125
19,4,6.25,6.250000012446717
19,5,4.85,4.849993093445429
