k,n,correct_result,gossip_result
25,1,5.45,5.449999845555402
25,2,4.4,4.3786908559938755
25,3,6.5,6.500019051394711
25,4,4.75,4.750000102545949
25,5,4.95,4.99934193039058
