k,n,correct_result,gossip_result
20,1,5.65,5.650006539282652
20,2,5.6,5.6200658497112865
20,3,5.95,5.894736821941709
20,4,5.35,5.350000131349331
20,5,5.25,5.418642810205748
