k,n,correct_result,gossip_result
23,1,6,6.000000018255202
23,2,6.05,6.050000285231584
23,3,4.85,4.849999974704084
23,4,5.65,5.650000063607239
23,5,6.25,6.244852471468537
