k,n,correct_result,gossip_result
8,1,5.55,
8,2,4.9,4.9000526869520264
8,3,5.15,5.159420605683312
8,4,5.45,5.449853857633832
8,5,5,5.012420494793331
