k,n,correct_result,gossip_result
14,1,5.75,5.749990330840921
14,2,4.9,4.89889987619551
14,3,6.1,6.100037379990832
14,4,5.9,5.947367964073989
14,5,6.1,6.1010436322691595
