k,n,correct_result,gossip_result
28,1,5.55,5.549999987727793
28,2,5.4,5.399999952095374
28,3,4.95,4.947416598341949
28,4,5.6,5.6000002519123235
28,5,4.95,4.950000047975793
