k,n,correct_result,gossip_result
29,1,5.05,5.105263173237914
29,2,6.15,6.150000165662947
29,3,6.35,6.321443339026608
29,4,5.45,5.460050688269637
29,5,5.05,5.197349895280706
