k,n,correct_result,gossip_result
16,1,5.5,5.5000993710975585
16,2,6.15,6.133312326452058
16,3,4.8,4.800000053386473
16,4,6.1,6.099999975804204
16,5,4.85,4.808620168138393
