k,n,correct_result,gossip_result
27,1,5.2,5.196820363754696
27,2,5.6,5.736842340227788
27,3,6.15,6.149690901657435
27,4,5.55,5.55000264413181
27,5,5.3,5.300001867799714
