k,n,correct_result,gossip_result
21,1,5.05,5.050413438590311
21,2,6.05,6.048423737623379
21,3,6.15,6.150030361767136
21,4,5.65,5.6499942151217075
21,5,6.4,6.404577797117628
