k,n,correct_result,gossip_result
10,1,5.55,5.550000310947782
10,2,4.85,4.7512111500671015
10,3,5.9,5.9467206022262555
10,4,5.45,5.45032747549765
10,5,5.8,5.799999228010384
