k,n,correct_result,gossip_result
10,1,5.42,5.492907792745882
10,2,5.36,5.3596754866039795
10,3,5.52,5.5178461023509175
10,4,5.48,5.480000126396227
10,5,5.72,5.7199709558033085
